{
  "generated_at": "2026-05-02 17:13:11 UTC",
  "db_path": "C:\\vs-projects\\bird-bird\\backend\\database\\migration.db",
  "rows_used": 126,
  "species_count": 2,
  "deployment_count": 73,
  "formula": "day_of_year ~ centered_year + C(species_code) + centered_year:C(species_code)",
  "model_requested": "both",
  "models_succeeded": [
    "ols"
  ],
  "model_errors": {
    "mixed": "Singular matrix"
  },
  "qc": {
    "source_rows": 80749,
    "rows_after_cleaning": 80749,
    "rows_after_grouping": 213
  },
  "filter_summary": {
    "rows_after_filters": 126,
    "species_count": 2,
    "deployment_count": 73
  },
  "climate_vars": [],
  "climate_coverage": {},
  "plot_files": [
    "C:\\vs-projects\\bird-bird\\backend\\data\\plots\\migration_timing_trends.png",
    "C:\\vs-projects\\bird-bird\\backend\\data\\plots\\migration_timing_residuals.png"
  ],
  "effects": [
    {
      "model": "ols",
      "term": "Intercept",
      "estimate": 118.57999999999998,
      "std_error": 0.08701634940950138,
      "p_value": 0.0,
      "ci_lower": 118.4094510890912,
      "ci_upper": 118.75054891090876,
      "nobs": 126.0,
      "aic": 1267.9436767564064,
      "bic": 1276.4525224772608,
      "converged": true
    },
    {
      "model": "ols",
      "term": "C(species_code)[T.eurcur]",
      "estimate": -19.72055087487707,
      "std_error": 4.195295593909769,
      "p_value": 2.5935446448837052e-06,
      "ci_lower": -27.943179143439792,
      "ci_upper": -11.497922606314345,
      "nobs": 126.0,
      "aic": 1267.9436767564064,
      "bic": 1276.4525224772608,
      "converged": true
    },
    {
      "model": "ols",
      "term": "centered_year",
      "estimate": -5.960453646321945,
      "std_error": 0.6146913929491672,
      "p_value": 3.1152889148574444e-22,
      "ci_lower": -7.16522663810907,
      "ci_upper": -4.755680654534819,
      "nobs": 126.0,
      "aic": 1267.9436767564064,
      "bic": 1276.4525224772608,
      "converged": true
    },
    {
      "model": "ols",
      "term": "centered_year:C(species_code)[T.eurcur]",
      "estimate": -5.9604536463230735,
      "std_error": 0.6146913929491855,
      "p_value": 3.115288914810186e-22,
      "ci_lower": -7.165226638110235,
      "ci_upper": -4.755680654535912,
      "nobs": 126.0,
      "aic": 1267.9436767564064,
      "bic": 1276.4525224772608,
      "converged": true
    }
  ]
}