{
  "generated_at": "2026-04-30 12:18:25 UTC",
  "db_path": "C:\\vs-projects\\bird-bird\\backend\\database\\migration.db",
  "rows_used": 73,
  "species_count": 1,
  "deployment_count": 23,
  "formula": "day_of_year ~ centered_year + tmean_c_roll14 + precip_mm_roll14",
  "model_requested": "both",
  "models_succeeded": [
    "ols"
  ],
  "model_errors": {
    "mixed": "Singular matrix"
  },
  "qc": {
    "source_rows": 80650,
    "rows_after_cleaning": 80650,
    "rows_after_grouping": 114
  },
  "filter_summary": {
    "rows_after_filters": 75,
    "species_count": 1,
    "deployment_count": 23
  },
  "climate_vars": [
    "tmean_c_roll14",
    "precip_mm_roll14"
  ],
  "climate_coverage": {
    "tmean_c_roll14": 0.9733333333333334,
    "precip_mm_roll14": 0.9733333333333334
  },
  "plot_files": [
    "C:\\vs-projects\\bird-bird\\backend\\data\\plots\\migration_timing_trends.png",
    "C:\\vs-projects\\bird-bird\\backend\\data\\plots\\migration_timing_residuals.png"
  ],
  "effects": [
    {
      "model": "ols",
      "term": "Intercept",
      "estimate": 87.72215250697111,
      "std_error": 10.021662256614006,
      "p_value": 2.072879354166616e-18,
      "ci_lower": 68.08005541878326,
      "ci_upper": 107.36424959515897,
      "nobs": 73.0,
      "aic": 728.7003433256388,
      "bic": 737.8621810902323,
      "converged": true
    },
    {
      "model": "ols",
      "term": "centered_year",
      "estimate": -3.7217315275846854,
      "std_error": 1.1278501719118326,
      "p_value": 0.0009673800429291542,
      "ci_lower": -5.932277244489185,
      "ci_upper": -1.511185810680185,
      "nobs": 73.0,
      "aic": 728.7003433256388,
      "bic": 737.8621810902323,
      "converged": true
    },
    {
      "model": "ols",
      "term": "tmean_c_roll14",
      "estimate": 4.317336141610681,
      "std_error": 0.7564513520199917,
      "p_value": 1.1474553441384471e-08,
      "ci_lower": 2.8347187355948664,
      "ci_upper": 5.799953547626495,
      "nobs": 73.0,
      "aic": 728.7003433256388,
      "bic": 737.8621810902323,
      "converged": true
    },
    {
      "model": "ols",
      "term": "precip_mm_roll14",
      "estimate": 0.05824853203112171,
      "std_error": 0.030237189345554357,
      "p_value": 0.05405605475787666,
      "ci_lower": -0.001015270079883078,
      "ci_upper": 0.1175123341421265,
      "nobs": 73.0,
      "aic": 728.7003433256388,
      "bic": 737.8621810902323,
      "converged": true
    }
  ]
}