model,term,estimate,std_error,p_value,ci_lower,ci_upper,nobs,aic,bic,converged
ols,Intercept,87.72215250697111,10.021662256614006,2.072879354166616e-18,68.08005541878326,107.36424959515897,73.0,728.7003433256388,737.8621810902323,True
ols,centered_year,-3.7217315275846854,1.1278501719118326,0.0009673800429291542,-5.932277244489185,-1.511185810680185,73.0,728.7003433256388,737.8621810902323,True
ols,tmean_c_roll14,4.317336141610681,0.7564513520199917,1.1474553441384471e-08,2.8347187355948664,5.799953547626495,73.0,728.7003433256388,737.8621810902323,True
ols,precip_mm_roll14,0.05824853203112171,0.030237189345554357,0.05405605475787666,-0.001015270079883078,0.1175123341421265,73.0,728.7003433256388,737.8621810902323,True
