model,term,estimate,std_error,p_value,ci_lower,ci_upper,nobs,aic,bic,converged
ols,Intercept,170.36823402997985,7.104758764748592,4.556186646772063e-127,156.44316273222734,184.29330532773236,75.0,793.8652070351785,798.5001832622511,True
ols,centered_year,-12.070836951763182,1.219781545447596,4.3368903872816866e-23,-14.461564849847077,-9.680109053679287,75.0,793.8652070351785,798.5001832622511,True
mixed,Intercept,71.26663974035579,4.012717950172001,1.4374298986111517e-70,63.40185707790127,79.1314224028103,75.0,-inf,-inf,True
mixed,centered_year,-0.9880642328485774,10.183542559540939,0.922706071838076,-20.947440884579656,18.971312418882505,75.0,-inf,-inf,True
mixed,Group Var,0.0,1.0517588452074412e+21,1.0,-2.0614094570280224e+21,2.0614094570280224e+21,75.0,-inf,-inf,True
